,0,1,2,3,4,5,6,7,8,9,10,11,12,13,14,15,16,17,18,19,20,0
1643,-1.9407084468234963,2.1762006295728225,-0.6793628647010111,-2.358557379957925,-1.4561404478602091,-2.017589718014667,-2.0178017789936487,-3.0074307584757345,-1.9308511958336991,-2.626813960773815,-0.04788618776304038,-1.6198454071504376,-3.5242480675104053,0.758666720562206,2.115765720596678,1.9766048666330944,1.9833631191523544,2.096950644429861,2.3686539885128886,1.1069652054447383,2.507381566969688,4.73
1644,-1.9407084468234963,2.1762006295728225,-0.6813252640705955,-2.356127364495108,-1.480061382447189,-2.0277731653694127,-2.018145063614983,-3.0067348660854716,-1.9133079046378616,-2.6276813211313126,-0.05235861515904992,-1.6249495084292076,-3.4030068012466135,0.6714966664953265,2.117554985966408,1.9759417606741945,1.9819852177934736,2.090088795915268,2.3518687266283935,1.0834645351911567,2.505603371694764,4.73
1645,-1.9407084468234963,2.1762006295728225,-0.6832876634400943,-2.3536973490311746,-1.5039823170341686,-2.0379566127241584,-2.0184883495444166,-3.0060389736983564,-1.8957646134420256,-2.628548681488811,-0.0568310425550356,-1.6300536097079774,-3.2817655349787653,0.5843266124325417,2.119344251336857,1.975278654715294,1.9806073164339617,2.083226947399525,2.335083464743899,1.0599638649386907,2.503825176418632,4.73
1646,-1.9407084468234963,2.1762006295728225,-0.6852500628095931,-2.351267333568357,-1.5279032516211484,-2.048140060078904,-2.018831635473852,-3.005343081308093,-1.8782213222461888,-2.629416041846308,-0.06130346995102128,-1.635157710957567,-3.1605242687149735,0.49715655836566225,2.121133516706587,1.9746155487556771,1.9792294150750809,2.0763650988849305,2.318298202859404,1.0364631946862255,2.5020469811424992,4.73
1647,-1.9407084468234963,2.1762006295728225,-0.6872124621791776,-2.348837318104424,-1.5518241862258555,-2.058323507749936,-2.019174921403285,-3.004647188917831,-1.860678031050352,-2.6302834022038057,-0.06577589734703082,-1.6402618122363535,-3.039283002447126,0.4099865042987804,2.1229227820770378,1.9739524427967767,1.9778515137162005,2.069503250369187,2.3015129409749093,1.012962524432644,2.5002687858675747,4.73
1648,-1.9407084468234963,2.1762006295728225,-0.6891748615486765,-2.3464073026416066,-1.575745120812835,-2.0685069551046817,-2.0195182073327222,-3.003951296527569,-1.8431347398545157,-2.631150762561304,-0.07024832474301651,-1.645365913515123,-2.9180417361792768,0.32281645023599803,2.1247120474474888,1.9732893368378763,1.9764736123566888,2.0626414018545938,2.2847276790904143,0.989461854180178,2.4984905905914414,4.73
1649,-1.9407084468234963,2.1762006295728225,-0.6911372609181753,-2.3439772871776734,-1.5996660553998148,-2.0786904024594275,-2.0198614932621566,-3.0032554041404538,-1.8255914486618745,-2.6320181229188013,-0.07472075213902604,-1.650470014764713,-2.796800469915486,0.23564639616911848,2.126501312817218,1.97262623087826,1.975095710997808,2.0557795533388505,2.26794241720592,0.9659611839277129,2.496712395316518,4.73
1650,-1.9407084468234963,2.1762006295728225,-0.6930996602876743,-2.34154727171374,-1.6235869899867943,-2.088873849814173,-2.0202047791915905,-3.002559511750191,-1.8080481574660368,-2.6328854832763,-0.07919317953501173,-1.6555741160434827,-2.6755592036476368,0.14847634210223667,2.128290578187669,1.97196312491936,1.9737178096389272,2.048917704824257,2.2511571553214247,0.9424605136741312,2.494934200040385,4.73
1651,-1.9407084468234963,2.1762006295728225,-0.6950620596572585,-2.3391172562509226,-1.647507924573774,-2.0990572971689185,-2.020548065121025,-3.0018636193599284,-1.7905048662702008,-2.633752843633797,-0.08366560693102126,-1.6606782173222523,-2.5543179373838454,0.061306288039454274,2.1300798435573984,1.97130001896046,1.9723399082794153,2.042055856309663,2.2343718934369314,0.9189598434216653,2.493156004764252,4.73
1652,-1.9407084468234963,2.1762006295728225,-0.6970244590267575,-2.3366872407869894,-1.6714288591607636,-2.1092407448399446,-2.0208913510504583,-3.001167726969665,-1.7729615750743644,-2.6346202039912945,-0.08813803432700694,-1.665782318571842,-2.4330766711159977,-0.025863766027427564,2.131869108927849,1.9706369130015595,1.9709620069205345,2.0351940077939195,2.2175866315524364,0.8954591731680847,2.491377809489328,4.73
1653,-1.9407084468234963,2.1762006295728225,-0.6989868583962563,-2.334257225324172,-1.6953497937477433,-2.119424192194691,-2.0212346369798926,-3.000471834579404,-1.7554182838785273,-2.635487564348793,-0.09261046172301649,-1.6708864198506284,-2.3118354048481486,-0.11303382009430706,2.1336583742983,1.9699738070419432,1.9695841055616528,2.0283321592793264,2.200801369667942,0.8719585029156187,2.4895996142131964,4.73
1654,-1.9407084468234963,2.1762006295728225,-0.7009492577658406,-2.3318272098602386,-1.719270728334723,-2.1296076395494365,-2.021577922909327,-2.9997759421922887,-1.737874992685886,-2.63635492470629,-0.09708288911900216,-1.675990521100218,-2.1905941385843577,-0.20020387415708943,2.1354476396680293,1.9693107010830424,1.9682062042027724,2.021470310763583,2.184016107783447,0.8484578326631531,2.4878214189370635,4.73
1655,-1.9407084468234963,2.1762006295728225,-0.7029116571353397,-2.329397194397421,-1.74319166293943,-2.1397910869041823,-2.021921208838761,-2.999080049802026,-1.7203317014900499,-2.6372222850605658,-0.1015553165150117,-1.681094622378988,-2.0693528723165087,-0.2873739282239713,2.13723690503848,1.9686475951241424,1.9668283028432607,2.0146084622489884,2.167230845898952,0.824957162409572,2.486043223662139,4.73
1656,-1.9407084468234963,2.1762006295728225,-0.7048740565048385,-2.326967178933488,-1.7671125975264097,-2.149974534258928,-2.022264494768195,-2.998384157411764,-1.7027884102942124,-2.638089645418063,-0.1060277439109974,-1.6861987236577578,-1.9481116060527175,-0.3745439822908508,2.1390261704082096,1.9679844891645255,1.96545040148438,2.0077466137332447,2.1504455840144567,0.8014564921571059,2.484265028386006,4.73
1657,-1.9407084468234963,2.1762006295728225,-0.7068364558743373,-2.32453716347067,-1.7910335321133894,-2.16015798192996,-2.022607780697629,-2.9976882650215004,-1.685245119098376,-2.6389570057755614,-0.11050017130700691,-1.6913028249073476,-1.8268703397848691,-0.4617140363536332,2.14081543577866,1.967321383205625,1.9640725001254993,2.000884765218652,2.133660322129962,0.7779558219046405,2.482486833111082,4.73
1658,-1.9407084468234963,2.1762006295728225,-0.7087988552439216,-2.322107148006737,-1.8149544667003688,-2.1703414292847056,-2.022951066627064,-2.996992372634386,-1.6677018279025388,-2.639824366133059,-0.1149725987029926,-1.6964069261861172,-1.7056290735170208,-0.548884090420515,2.142604701149111,1.9666582772467252,1.9626945987659876,1.9940229167029089,2.1168750602454676,0.7544551516510594,2.4807086378349488,4.73
1659,-1.9407084468234963,2.1762006295728225,-0.7107612546134204,-2.31967713254392,-1.8388754012873487,-2.1805248766394514,-2.0232943525564977,-2.996296480244123,-1.6501585367067026,-2.640691726490556,-0.11944502609900216,-1.7015110274649037,-1.5843878072532296,-0.6360541444873945,2.1443939665188405,1.9659951712871084,1.9613166974071063,1.987161068188314,2.1000897983609725,0.7309544813985933,2.4789304425588177,4.73
1660,-1.9407084468234963,2.1762006295728225,-0.7127236539829194,-2.317247117079987,-1.862796335874328,-2.1907083239941967,-2.023637637177832,-2.9956005878538607,-1.6326152455140615,-2.6415590868480545,-0.12391745349498784,-1.7066151287144935,-1.4631465409853808,-0.7232241985501792,2.1461832318892915,1.9653320653282087,1.9599387960482255,1.9802992196737208,2.0833045364764775,0.7074538111461278,2.477152247283892,4.73
1661,-1.9407084468234963,2.1762006295728225,-0.7146860533525037,-2.3148171016160535,-1.886717270461308,-2.200891771665223,-2.023980923107266,-2.9949046954635974,-1.615071954318225,-2.642426447205552,-0.12838988093296547,-1.711719229993263,-1.3419052747215898,-0.8103942526170588,2.147972497259021,1.964668959369308,1.9585608946893445,1.9734373711579771,2.066519274591983,0.6839531408925467,2.4753740520077607,4.73
1662,-1.9407084468234963,2.1762006295728225,-0.7166484527220027,-2.312387086153236,-1.9106382050660151,-2.211075219019969,-2.0243242090367,-2.9942088030764835,-1.5975286631223875,-2.6432938075630488,-0.13286230832895116,-1.716823331272033,-1.2206640084537412,-0.8975643066839406,2.149761762629472,1.964005853410408,1.9571829933298328,1.9665755226433843,2.049734012707488,0.6604524706400806,2.473595856731628,4.73
1663,-1.9407084468234963,2.1762006295728225,-0.7186108520915016,-2.309957070689303,-1.9345591396529944,-2.2212586663747143,-2.0246674949661343,-2.9935129106862206,-1.5799853719265515,-2.644161167920548,-0.13733473572496072,-1.7219274325216227,-1.0994227421858929,-0.984734360746723,2.1515510279999224,1.9633427474507912,1.955805091970952,1.9597136741276409,2.0329487508229933,0.6369518003876151,2.471817661456704,4.73
1664,-1.9407084468234963,2.1762006295728225,-0.7205732514610004,-2.3075270552264855,-1.9584800742399744,-2.2314421137294604,-2.025010780895568,-2.992817018295958,-1.5624420807307142,-2.645028528278045,-0.14180716312094635,-1.7270315338003923,-0.9781814759221001,-1.0719044148136023,2.1533402933696513,1.9626796414918908,1.9544271906120712,1.9528518256130467,2.0161634889384983,0.6134511301340341,2.4700394661805705,4.73
1665,-1.9407084468234963,2.1762006295728225,-0.7225356508305847,-2.3050970397625528,-1.9824010088269537,-2.241625561084206,-2.0253540668250025,-2.992121125905696,-1.544898789538073,-2.6458958886355433,-0.1462795905169559,-1.7321356350791788,-0.8569402096542531,-1.1590744688804833,2.1551295587401027,1.9620165355329913,1.9530492892525593,1.9459899770973033,1.999378227054004,0.5899504598815679,2.46826127090444,4.73
1666,-1.9407084468234963,2.1762006295728225,-0.7244980502000837,-2.302667024299735,-2.006321943413933,-2.251809008755238,-2.025697352754437,-2.991425233518581,-1.5273554983422368,-2.646763248993041,-0.1507520179129416,-1.7372397363287686,-0.7356989433904616,-1.2462445229432668,2.1569188241105537,1.9613534295733737,1.9516713878936784,1.9391281285827096,1.9825929651695104,0.5664497896291024,2.466483075629513,4.73
1667,-1.9407084468234963,2.1762006295728225,-0.7264604495695826,-2.3002370088358015,-2.0302428780009127,-2.261992456109984,-2.0260406386838707,-2.9907293411283185,-1.5098122071463995,-2.6476306093505375,-0.15522444530895116,-1.7423438376075384,-0.614457677122612,-1.333414577010147,2.158708089480283,1.960690323614474,1.9502934865347976,1.9322662800669668,1.9658077032850156,0.5429491193755214,2.4647048803533815,4.73
1668,-1.9407084468234963,2.1762006295728225,-0.7284228489391668,-2.2978069933729848,-2.054163812587893,-2.272175903464729,-2.026383924613308,-2.9900334487380555,-1.492268915950563,-2.6484979697080364,-0.15969687270493682,-1.747447938886308,-0.49321641085476464,-1.4205846310729295,2.1604973548507327,1.9600272176555735,1.948915585175286,1.925404431552372,1.9490224414005208,0.5194484491230552,2.4629266850784575,4.73
1669,-1.9407084468234963,2.1762006295728225,-0.7303852483086658,-2.2953769779090516,-2.07808474719261,-2.2823593508194753,-2.026727210542742,-2.9893375563477926,-1.474725624754727,-2.6493653300655335,-0.16416930010094638,-1.7525520401358978,-0.3719751445909733,-1.5077546851398105,2.162286620220464,1.959364111696673,1.9475376838164051,1.9185425830377791,1.9322371795160256,0.49594777887058966,2.4611484898023246,4.73
1670,-1.9407084468234963,2.1762006295728225,-0.7323476476781646,-2.2929469624462335,-2.10200568177959,-2.2925427981742152,-2.027070496472176,-2.9886416639606783,-1.4571823335588896,-2.650232690423031,-0.16864172749693204,-1.7576561414146676,-0.25073387832312366,-1.5949247392066912,2.164075885590913,1.9587010057370569,1.9461597824575247,1.911680734522036,1.9154519176315308,0.4724471086170086,2.459370294526192,4.73
1671,-1.9407084468234963,2.1762006295728225,-0.7343100470476636,-2.290516946982301,-2.125926616366569,-2.302726245845247,-2.0274137824016103,-2.987945771570416,-1.4396390423662484,-2.651100050780529,-0.1731141548929416,-1.7627602426642572,-0.12949261205933235,-1.6820947932694748,2.165865150961365,1.958037899778156,1.9447818810986433,1.9048188860074424,1.898666655747036,0.44894643836454246,2.457592099251268,4.73
1672,-1.9407084468234963,2.1762006295728225,-0.7362724464172479,-2.288086931518368,-2.149847550953549,-2.312909693199993,-2.027757068331044,-2.987249879180153,-1.422095751170412,-2.651967411138027,-0.1775865822889273,-1.7678643439430437,-0.008251345791485025,-1.7692648473363555,2.167654416331094,1.9573747938192567,1.943403979739132,1.8979570374916992,1.8818813938625407,0.42544576811207696,2.4558139039751348,4.73
1673,-1.9407084468234963,2.1762006295728225,-0.7382348457867467,-2.2856569160555495,-2.1737684855405286,-2.3230931405547386,-2.0281003542604785,-2.9865539867898905,-1.404552459974575,-2.652834771495524,-0.1820590096849368,-1.7729684452218135,0.11298992047636462,-1.856434901403236,2.169443681701545,1.95671168785964,1.9420260783802503,1.8910951889771048,1.8650961319780464,0.4019450978584959,2.454035708699004,4.73
1674,-1.9407084468234963,2.1762006295728225,-0.7401972451562456,-2.283226900591617,-2.1976894201275083,-2.3332765879094843,-2.0284436401899124,-2.985858094399628,-1.3870091687787385,-2.6537021318530227,-0.18653143708092249,-1.7780725464714031,0.23423118674015597,-1.9436049554660184,2.171232947071274,1.95604858190074,1.9406481770213695,1.8842333404613612,1.8483108700935516,0.37844442760602975,2.452257513424079,4.73
1675,-1.9407084468234963,2.1762006295728225,-0.7421596445258299,-2.2807968851288,-2.221610354714488,-2.343460035580516,-2.0287869261193467,-2.985162202012513,-1.3694658775829012,-2.65456949221052,-0.19100386447690815,-1.7831766477501727,0.3554724530080033,-2.030775009532899,2.1730222124417247,1.9553854759418392,1.939270275661858,1.877371491946768,1.8315256082077735,0.3549437573535643,2.4504793181479463,4.73
1676,-1.9407084468234963,2.1762006295728225,-0.7441220438953287,-2.2783668696648665,-2.245531289319195,-2.3536434829352615,-2.0291302120487806,-2.984466309622251,-1.351922586390261,-2.6554368525680183,-0.1954762918729177,-1.7882807490289427,0.47671371927179457,-2.11794506359978,2.174811477812176,1.9547223699822227,1.9378923743029772,1.8705096434321735,1.8147403463232792,0.33144308709998327,2.4487011228718134,4.73
1677,-1.9407084468234963,2.1762006295728225,-0.7460844432648277,-2.275936854202049,-2.2694522239061747,-2.363826930290008,-2.029473496670115,-2.983770417231988,-1.3343792951944236,-2.656304212925516,-0.19994871926890337,-1.7933848502785323,0.5979549855396442,-2.205115117662562,2.176600743181905,1.9540592640233223,1.9365144729440968,1.8636477949164303,1.7979550844387844,0.3079424168475171,2.4469229275968893,4.73
1678,-1.9407084468234963,2.1762006295728225,-0.7480468426343265,-2.273506838738116,-2.2933731584931545,-2.374010377644753,-2.029816782599549,-2.9830745248417254,-1.3168360039985871,-2.657171573283013,-0.20442114666491293,-1.7984889515573188,0.7191962518074916,-2.292285171729443,2.178390008552356,1.9533961580644228,1.9351365715845847,1.8567859464018368,1.7811698225542896,0.2844417465950516,2.4451447323207565,4.73
1679,-1.9407084468234963,2.1762006295728225,-0.7500092420039108,-2.2710768232752985,-2.317294093080134,-2.3841938249994934,-2.030160068528984,-2.9823786324546098,-1.29929271280275,-2.6580389336405115,-0.2088935740608986,-1.8035930528360888,0.8404375180712829,-2.3794552257963235,2.1801792739220853,1.952733052105522,1.933758670225704,1.8499240978860936,1.7643845606697948,0.26094107634147057,2.443366537045832,4.73
1680,-1.9407084468234963,2.1762006295728225,-0.7519716413734098,-2.268646807811365,-2.341215027667113,-2.3943772726705257,-2.030503354458417,-2.981682740064348,-1.2817494216069139,-2.6589062939980086,-0.21336600149887627,-1.8086971540856784,0.9616787843391325,-2.466625279859107,2.1819685392925363,1.9520699461459057,1.9323807688668235,1.8430622493714997,1.7475992987853,0.2374404060890044,2.4415883417697004,4.73
1681,-1.9407084468234963,2.1762006295728225,-0.7539340407429086,-2.266216792348548,-2.365135962254093,-2.4045607200252714,-2.0308466403878516,-2.980986847674085,-1.2642061304110763,-2.6597736543522843,-0.2178384288948858,-1.813801255364448,1.0829200506069798,-2.553795333925988,2.183757804662987,1.9514068401870048,1.9310028675079416,1.836200400855756,1.7308140369008047,0.21393973583653889,2.439810146493568,4.73
1682,-1.9407084468234963,2.1762006295728225,-0.7558964401124931,-2.2637867768846145,-2.3890568968410726,-2.4147441673800167,-2.031189926317285,-2.980290955283823,-1.2466628392184351,-2.6606410147097814,-0.22231085629087147,-1.8189053566432176,1.2041613168707712,-2.6409653879928685,2.185547070032716,1.9507437342281049,1.9296249661484308,1.8293385523411627,1.71402877501631,0.19043906558295784,2.4380319512186435,4.73
1683,-1.9407084468234963,2.1762006295728225,-0.7578588394819918,-2.2613567614217973,-2.41297783144578,-2.4249276147347625,-2.03153321224672,-2.979595062896707,-1.2291195480225992,-2.66150837506728,-0.2267832836868572,-1.824009457892808,1.3254025831386207,-2.7281354420556507,2.187336335403167,1.9500806282684884,1.928247064789549,1.8224767038254197,1.697243513131815,0.1669383953304917,2.4362537559425106,4.73
1684,-1.9407084468234963,2.1762006295728225,-0.7598212388514907,-2.258926745957864,-2.43689876603276,-2.435111062089508,-2.0318764981761537,-2.9788991705064447,-1.2115762568267627,-2.662375735424777,-0.23125571108286672,-1.8291135591715773,1.446643849402412,-2.8153054961225314,2.189125600773618,1.949417522309588,1.9268691634306687,1.8156148553108264,1.6804582512473203,0.1434377250780262,2.4344755606663777,4.73
1685,-1.9407084468234963,2.1762006295728225,-0.7617836382209897,-2.256496730493931,-2.4608197006197394,-2.4452945097605405,-2.032219784105588,-2.978203278116183,-1.1940329656309254,-2.663243095782275,-0.2357281384788524,-1.834217660450364,1.5678851156702596,-2.902475550189412,2.1909148661433475,1.948754416350688,1.9254912620711568,1.808753006796232,1.6636729893628257,0.11993705482444517,2.4326973653914536,4.73
1686,-1.9407084468234963,2.1762006295728225,-0.7637460375905741,-2.2540667150311133,-2.4847406352067187,-2.4554779571152863,-2.0325630700350215,-2.97750738572592,-1.176489674435089,-2.6641104561397726,-0.24020056587486197,-1.839321761699953,1.6891263819381093,-2.9896456042521944,2.192704131513798,1.948091310391788,1.924113360712276,1.8018911582804884,1.646887727478331,0.09643638457197903,2.4309191701153208,4.73
1687,-1.9407084468234963,2.1762006295728225,-0.765708436960073,-2.25163669956718,-2.5086615697936985,-2.4656614044700316,-2.032906355964456,-2.976811493338805,-1.158946383242448,-2.6649778164972706,-0.2446729932708476,-1.8444258629787236,1.8103676482019004,-3.076815658319075,2.194493396883528,1.9474282044321716,1.9227354593533956,1.7950293097658951,1.630102465593836,0.07293571431951353,2.429140974839189,4.73
1688,-1.9407084468234963,2.1762006295728225,-0.7676708363295719,-2.249206684104363,-2.5325825043806782,-2.4758448518247773,-2.03324964189389,-2.976115600948542,-1.1414030920466107,-2.665845176854768,-0.24914542066685716,-1.8495299642283127,1.931608914469748,-3.163985712385956,2.1962826622539784,1.9467650984732707,1.9213575579945144,1.788167461250152,1.613317203709341,0.04943504406593247,2.4273627795642647,4.73
1689,-1.9407084468234963,2.1762006295728225,-0.7696332356991562,-2.2467766686404294,-2.5565034389676575,-2.4860282991795177,-2.033592927823327,-2.97541970855828,-1.1238598008507743,-2.666712537212266,-0.2536178480628428,-1.8546340655070828,2.052850180733539,-3.2511557664487394,2.1980719276244294,1.9461019925143703,1.9199796566350025,1.7813056127355575,1.5965319418248478,0.02593437381346633,2.425584584288132,4.73
1690,-1.9407084468234963,2.1762006295728225,-0.771595635068655,-2.244346653177612,-2.580424373554637,-2.496211746850549,-2.033936213752761,-2.9747238161680176,-1.1063165096549372,-2.667579897569764,-0.2580902754588524,-1.8597381667858524,2.174091447001389,-3.33832582051562,2.1998611929941587,1.9454388865547536,1.918601755276122,1.774443764219814,1.579746679940353,0.0024337035610008315,2.423806389013208,4.73
1691,-1.9407084468234963,2.1762006295728225,-0.7735580344381537,-2.241916637713679,-2.604345308159355,-2.5063951942052958,-2.034279499682196,-2.974027923777755,-1.0887732184591008,-2.668447257927262,-0.26256270285483807,-1.864842268035442,2.295332713269236,-3.425495874582501,2.2016504583646097,1.9447757805958532,1.9172238539172404,1.767581915705221,1.562961418055858,-0.021066966692580225,2.422028193737075,4.73
1692,-1.9407084468234963,2.1762006295728225,-0.7755204338076527,-2.2394866222508614,-2.628266242746334,-2.5165786415600406,-2.0346227856116297,-2.9733320313906395,-1.0712299272632644,-2.66931461828476,-0.2670351302508476,-1.8699463693142289,2.416573979533028,-3.512665928645283,2.203439723734339,1.9441126746369537,1.9158459525577296,1.7607200671894776,1.5461761561713632,-0.04456763694504636,2.420249998460942,4.73
1693,-1.9407084468234963,2.1762006295728225,-0.7774828331772371,-2.237056606786928,-2.6521871773333134,-2.526762088914787,-2.034966070232964,-2.9726361390003766,-1.0536866360706234,-2.670181978642257,-0.27150755764683326,-1.8750504705929985,2.5378152458008767,-3.599835982712164,2.2052289891047887,1.9434495686780529,1.914468051198848,1.7538582186748832,1.5293908942868684,-0.06806830719751186,2.4184718031860175,4.73
1694,-1.9407084468234963,2.1762006295728225,-0.779445232546736,-2.234626591324111,-2.6761081119202936,-2.5369455365858182,-2.035309356162398,-2.971940246610114,-1.036143344874786,-2.671049338999755,-0.2759799850428428,-1.880154571842588,2.6590565120646685,-1.230832095268854,2.2070182544752406,1.9427864627184368,1.9130901498399673,1.74699637016029,1.5126056324023736,-0.09156897745109292,2.4166936079098864,4.73
1695,-1.9407084468234963,2.1762006295728225,-0.7814076319162349,-2.2321965758601774,-2.7000290465072734,-2.5471289839405644,-2.035652642091832,-2.9712443542198526,-1.0186000536789497,-2.572216922115703,-0.28045241243882846,-1.8852586731213576,2.780297778332516,0.34478266263249085,2.208807519844969,1.9421233567595364,1.911712248480456,1.7401345216445463,1.4958203705178788,-0.11506964770355904,2.414915412633753,4.73
1696,-1.9407084468234963,2.1762006295728225,-0.7833700312858191,-2.2297665603962447,-2.7239499810942527,-2.55731243129531,-2.0359959280212663,-2.9705484618327374,-1.0010567624831124,-2.670662028457662,-0.2849248398348381,-1.890362774400128,2.901539044600365,0.912015448797794,2.210596785215421,1.941460250800636,1.9103343471215748,1.7332726731299535,1.479035108633384,-0.13857031795602456,2.4131372173588286,4.73
1697,-1.9407084468234963,2.1762006295728225,-0.7853324306553182,-2.227336544933427,-2.7478709156812324,-2.567495878650056,-2.0363392139507006,-1.1029699884054631,-0.983513471287276,-2.6696780286424935,-0.2893972672308237,-1.8954668756497173,3.0227803108641567,2.1321211658286487,2.21238605058515,1.9407971448410195,1.908956445762694,1.72641082461421,1.4622498467488891,-0.1620709882096056,2.411359022082696,4.73
1698,-1.9407084468234963,2.1762006295728225,-0.7872948300248169,-2.2249065294694934,-2.77179185028594,-2.577679326004796,-2.0366824998801345,2.263224393843359,-1.1923783074576815,-2.668694028827326,-0.29386969466880136,-1.900570976928504,2.022743120969832,1.2001187298444067,2.214175315955601,1.9401340388821189,1.9075785444038131,1.7195489760996157,1.4454645848643943,-0.18557165846207171,2.409580826806564,4.73
1699,-1.9407084468234963,2.1762006295728225,-0.7892572293943159,-2.2224765140066767,-2.795712784872919,-2.587862773675828,-2.037025785809569,1.7293909943548111,-1.2223425080835553,-2.6677100290121585,-0.29834212206478705,-1.905675078207273,-0.5178542499048097,0.6533740165738967,2.215964581326052,1.9394709329232196,1.9062006430443013,1.7126871275838722,1.4286793229798993,-0.2090723287145373,2.407802631531639,4.73
1700,-1.9407084468234963,2.1762006295728225,-0.7912196287639002,-2.2200464985427435,-2.819633719459899,-2.598046221030573,-2.0373690717390027,-1.0861931347002356,-1.25230670870943,-2.6667260292002126,-0.3028145494607966,-1.9107791794568636,-2.273434211851364,0.9480334809468451,2.2177538466957807,1.9388078269636029,1.9048227416854209,1.7058252790692792,1.4118940610954045,-0.2325729989681183,2.406024436255508,4.73
1701,-1.9407084468234963,2.1762006295728225,-0.7931820281333992,-2.2176164830799254,-2.8435546540468786,-2.6082296683853192,-2.0377123576684366,-2.414114155556059,-1.2822709093353046,-2.6657420293850436,-0.3072869768567823,-1.9158832807356327,-2.754740100489838,0.3267941346308596,2.219543112066232,1.9381447210047025,1.9034448403265396,1.6989634305546844,1.3951087992109097,-0.25607366922058444,2.4042462409805823,4.73
1702,-1.9407084468234963,2.1762006295728225,-0.7951444275028979,-2.2151864676159927,-2.8674755886338583,-2.618413115740065,-2.038055643597871,-2.8982192399583204,-1.312235109961179,-2.664758029569876,-0.3117594042527918,-1.9209873820144028,-3.0399944628080644,0.45283675907964166,2.221332377435961,1.9374816150458016,1.902066938967028,1.6921015820389411,1.3783235373264149,-0.27957433947304994,2.4024680457044507,4.73
1703,-1.9407084468234963,2.1762006295728225,-0.7971068268724822,-2.2127564521531755,-2.8913965232208376,-2.6285965630948107,-2.038398929527305,-2.905426742243556,-1.3421993105870542,-2.663774029754708,-0.3162318316487775,-1.9260914832639924,-3.29847580477219,0.885012168722454,2.223121642806412,1.9368185090869012,1.900689037608147,1.685239733524348,1.36153827544192,-0.303075009726631,2.4006898504283174,4.73
1704,-1.9407084468234963,2.1762006295728225,-0.7990692262419811,-2.2103264366892423,-2.9153174578078174,-2.6387800107658426,-2.038742215456739,-2.90827616010554,-1.372163511216124,-2.6627900299427623,-0.32070425904478705,-1.9311955845427788,-3.1380405085593654,0.26377282240646854,2.2249109081768625,1.9361554031272847,1.899311136249266,1.6783778850086046,1.3447530135574266,-0.32657567997909714,2.3989116551533933,4.73
1705,-1.9407084468234963,2.1762006295728225,-0.8010316256114801,-2.2078964212264247,-2.9392383924125247,-2.6489634581205883,-2.039085501386173,-2.911125577967524,-1.4021277118419988,-2.6618060301275945,-0.32517668644077274,-1.9362996857923689,-3.0399944628080644,0.7499547921999633,2.2267001735465928,1.9354922971683852,1.897933234889754,1.6715160364940116,1.3279677516729316,-0.35007635023156264,2.3971334598772605,4.73
1706,-1.9407084468234963,2.1762006295728225,-0.8029940249809788,-2.2054664057624915,-2.9631593269995045,-2.659146905475334,-2.0394287873156074,-2.913974995832655,-1.4320919124678735,-2.6608220303124264,-0.32964911383678225,-1.9414037870711385,-3.227162214192633,0.7859728243490144,2.228489438917043,1.9348291912094848,1.8965553335308731,1.664654187978268,1.3111824897884368,-0.3735770204851437,2.3953552646011276,4.73
1707,-1.9407084468234963,2.1762006295728225,-0.8049564243505632,-2.2030363902996744,-2.987080261586484,-2.669330352830074,-2.0397720732450417,-2.916824413694639,-1.4620561130937484,-2.6598380304972578,-0.33412154123276794,-1.946507888349908,-3.1647729637311106,0.9030006967240851,2.2302787042874934,1.9341660852498683,1.8951774321719927,1.6577923394636735,1.294397227903942,-0.39707769073760973,2.3935770693262035,4.73
1708,-1.9407084468234963,2.1762006295728225,-0.8069188237200621,-2.2006063748357407,-3.0110011961734635,-2.6795138005011054,-2.040115359174476,-2.9196738315566235,-1.492020313719623,-2.658854030685312,-0.3385939686287775,-1.9516119895994977,-3.4767192160387266,0.8580088886471141,2.232067969657223,1.933502979290968,1.893799530813112,1.6509304909479303,1.2776119660194472,-0.4205783609911909,2.391798874050072,4.73
1709,-1.9407084468234963,2.1762006295728225,-0.8088812230895611,-2.1981763593718076,-3.0349221307604433,-2.689697247855852,-2.0404586451039126,-2.922523249418606,-1.5219845143486928,-2.657870030870144,-0.3430663960247632,-1.956716090878268,-3.4499867608669814,0.7679842963473831,2.233857235027674,1.9328398733320675,1.8924216294536,1.6440686424333373,1.2608267041349523,-0.4440790312436564,2.390020678775148,4.73
1710,-1.9407084468234963,2.1762006295728225,-0.8108436224591454,-2.1957463439089904,-3.058843065347423,-2.6998806952105974,-2.040801929725247,-2.925372667280591,-1.5519487149745677,-2.656886031054976,-0.3475388234207727,-1.961820192157054,-3.1938581994794273,0.9894193881943314,2.2356465003974035,1.932176767373168,1.8910437280947197,1.6372067939187427,1.2440414422504575,-0.46757970149612255,2.388242483499015,4.73
1711,-1.9407084468234963,2.1762006295728225,-0.8128060218286441,-2.1933163284450568,-3.0827639999344023,-2.710064142565343,-2.041145215654681,-2.928222085142575,-1.5819129156004423,-2.6559020312430306,-0.3520112508167584,-1.966924293406644,-3.253894669364379,0.930044952945214,2.237435765767854,1.9315136614135504,1.889665826735838,1.6303449454029995,1.2272561803659627,-0.4910803717497036,2.386464288222882,4.73
1712,-1.9407084468234963,2.1762006295728225,-0.8147684211981431,-2.1908863129822396,-3.1066849345391194,-2.720247589920089,-2.0414885015841158,-2.931071503004558,-1.6118771162263172,-2.6549180314278624,-0.35648367821274407,-1.9720283946854131,-3.5046686266811125,1.0211349250354746,2.2392250311383046,1.930850555454651,1.8882879253763267,1.623483096888406,1.210470918481468,-0.5145810420021689,2.3846860929479576,4.73
1713,-1.9407084468234963,2.1762006295728225,-0.8167308205676421,-2.1884562975183064,-3.130605869126099,-2.7304310375911207,-2.0418317875135488,-2.9339209208696895,-1.641841316852192,-2.6539340316126943,-0.3609561056087536,-1.9771324959641836,-3.3252082599439348,0.7499547921999633,2.2410142965080344,1.9301874494957505,1.8869100240174452,1.6166212483726627,1.1936856565969731,-0.5380817122546352,2.3829078976718248,4.73
1714,-1.9407084468234963,2.1762006295728225,-0.8186932199372264,-2.1860262820554897,-3.154526803713079,-2.7406144849458665,-2.0421750734429835,-2.9367703387316735,-1.6718055174780666,-2.652950031797526,-0.36542853300473926,-1.9822365972137728,-3.343016374997647,0.6869334799755723,2.2428035618784854,1.929524343536134,1.8855321226585648,1.6097593998580684,1.1769003947124783,-0.5615823825082161,2.3811297023956937,4.73
1715,-1.9407084468234963,2.1762006295728225,-0.8206556193067251,-2.183596266591556,-3.1784477383000582,-2.750797932300612,-2.042518359372417,-2.9396197565936584,-1.7017697181071367,-2.65196603198558,-0.3699009604007488,-1.9873406984925428,-3.316283919825901,0.7859728243490144,2.2445928272482147,1.9288612375772332,1.8841542212990527,1.6028975513423247,1.1601151328279835,-0.5850830527606817,2.3793515071207687,4.73
1716,-1.9407084468234963,2.1762006295728225,-0.822618018676224,-2.1811662511287393,-3.2023686728870384,-2.760981379655352,-2.042861645301852,-2.942469174455641,-1.7317339187330114,-2.650982032170412,-0.37437338779673446,-1.9924447997713128,-3.334132600061968,0.9570482330205538,2.2463820926186657,1.9281981316183328,1.882776319940172,1.5960357028277319,1.1433298709434887,-0.6085837230131479,2.377573311844636,4.73
1717,-1.9407084468234963,2.1762006295728225,-0.8245804180458086,-2.178736235664805,-3.2262896074740177,-2.7711648270100975,-2.0432049312312857,-2.9453185923176255,-1.761698119358886,-2.6499980323552443,-0.37884581523471217,-1.9975489010209189,-3.4767192160387266,0.5338875754514503,2.248171357989116,1.9275350256587165,1.8813984185812915,1.5891738543119884,1.1265446090589943,-0.6320843932667288,2.3757951165685034,4.73
1718,-1.9407084468234963,2.1762006295728225,-0.8265428174153073,-2.1763062202019885,-3.250210542060997,-2.78134827468113,-2.04354821716072,-2.9481680101796095,-1.7916623199847608,-2.6490140325400766,-0.3833182426307217,-2.002653002299689,-3.29847580477219,0.9840515130958961,2.2499606233588447,1.926871919699816,1.8800205172224107,1.5823120057973952,1.1097593471744995,-0.6555850635191944,2.3740169212935798,4.73
1719,-1.9407084468234963,2.1762006295728225,-0.8285052167848063,-2.1738762047380558,-3.274131476665705,-2.7915317220358755,-2.0438915030901534,-2.951017428041593,-1.8216265206106343,-2.6480300327281308,-0.38779067002670736,-2.0077571035784585,-3.1201918283233,0.9210302008715053,2.2517498887292966,1.9262088137409163,1.8786426158628993,1.5754501572828008,1.0929740852900047,-0.6790857337716606,2.3722387260174465,4.73
1720,-1.9407084468234963,2.1762006295728225,-0.8304676161543053,-2.1714461892741217,-3.298052411252684,-2.801715169390621,-2.044234789019588,-2.9538668459067248,-1.8515907212397051,-2.647046032912962,-0.39226309742271687,-2.0128612048280483,-3.209313533956567,0.912015448797794,2.253539154099025,1.925545707782016,1.8772647145040184,1.5685883087670576,0.2965023315253248,-0.7025864040252416,2.3704605307425215,4.73
1721,-1.9407084468234963,2.1762006295728225,-0.8324300155238894,-2.169016173811305,-3.321973345839664,-2.811898616745367,-2.044578074949022,-2.9567162637687088,-1.88155492186558,-2.6460620330977935,-0.39673552481870256,-2.0179653061068175,-3.2448080685169263,0.5627757582331134,2.255328419469477,1.9248826018223997,1.8758868131451376,1.5617264602524643,-1.4931804199846932,-0.726087074277707,2.3686823354663886,4.73
1722,-1.9407084468234963,2.1762006295728225,-0.8343924148933883,-2.166586158347371,-3.345894280426644,-2.8220820644163997,-2.0449213608784564,-2.959565681630693,-1.911519122491454,-2.6450780332826263,-0.4012079522146883,-2.023069407385588,-3.519109831599384,1.2053227003596851,2.257117684839927,1.9242194958634993,1.8745089117856255,1.5548646117367209,-2.2184076477943435,-0.7495877445301733,2.3669041401902575,4.73
1723,-1.9407084468234963,2.1762006295728225,-0.836354814262887,-2.164156142884554,-3.369815215013624,-2.8322655117711446,-2.0452646468078903,-2.9624150994926763,-1.9414833231173287,-2.6440940334706804,-0.40568037961069786,-2.0281735086351773,-3.1934119824735254,0.6162496284885296,2.2589069502096564,1.9235563899045984,1.873131010426744,1.5480027632221265,-1.9481544885709252,-0.7730884147837542,2.365125944915333,4.73
1724,-1.9407084468234963,2.1762006295728225,-0.8383172136324714,-2.161726127420621,-3.393736149600602,-2.8424489591258904,-2.0456079327373247,-2.965264517354661,-1.971447523743204,-2.6431100336555127,-0.41015280700668344,-2.033277609913964,-3.182581078784822,0.7450376547052121,2.260696215580108,1.922893283944982,1.871753109067864,1.5818264327755966,-1.6059356443282395,-0.7965890850362198,2.3633477496392006,4.73
1725,-1.9407084468234963,2.1762006295728225,-0.8402796130019705,-2.159296111957804,-3.4176570841875824,-2.8526324064806308,-2.045951218666759,-2.968113935216645,-2.001411724369078,-2.6421260338403445,-0.41462523440269305,-2.0383817111635536,-3.575982217260669,0.7782283327947808,2.262485480950559,1.922230177986081,1.8703752077089828,2.312945325715421,-1.3486073013727735,-0.8200897552886861,2.361569554363068,4.73
1726,-1.9407084468234963,2.1762006295728225,-0.8422420123714692,-2.15686609649387,-3.441578018774562,-2.8628158538353765,-2.0462945032880926,-2.9709633530786284,-2.0313759249981485,-2.641142034025176,-0.41909766179867874,-2.043485812442323,-3.4703504824090388,0.642310457210708,2.264274746320288,1.921567072027182,1.8689973063494707,2.145909015280748,-1.0827950422771715,-0.843590425542267,2.359791359088144,4.73
1727,-1.9407084468234963,2.1762006295728225,-0.8442044117409682,-2.154436081031053,-3.4654989533792686,-2.8729993015064084,-2.046637789217528,-2.97381277094376,-2.061340125624023,-2.64015803421323,-0.4235700891946883,-2.048589913721093,-3.2352752506635727,0.4917640975797524,2.266064011690739,1.9209039660682812,1.8676194049905903,1.978872704847226,-1.0498605054911114,-0.8670910957947324,2.3580131638120108,4.73
1728,-1.9407084468234963,2.1762006295728225,-0.8461668111105524,-2.15200606556712,-3.489419887966249,-2.883182748861154,-2.046981075146961,-2.976662188805744,-2.091304326249898,-2.6391740343980623,-0.42804251659067394,-2.053694014970683,-3.2123964878155244,0.3331454372282451,2.2678532770604685,1.920240860108665,1.8662415036317093,1.8118363944125528,-0.8146724883173885,-0.8905917660471987,2.356234968535879,4.73
1729,-1.9407084468234963,2.1762006295728225,-0.8481292104800515,-2.149576050104302,-3.5133408225532285,-2.8933661962159,-2.0473243610763983,-2.979511606667728,-2.1212685268757725,-2.6381900345828946,-0.43251494398668344,-2.0587981162494526,-3.530224691564571,0.5158580713040304,2.2696425424309186,1.9195777541497645,1.8648636022721976,1.64480008397903,-0.7921727833345501,-0.9140924363007795,2.354456773260955,4.73
1730,-1.9407084468234963,2.1762006295728225,-0.8500916098495502,-2.147146034640369,-3.537261757140208,-2.9035496435706456,-2.0476676470058326,-2.982361024529711,-2.151232727501647,-2.6372060347677264,-0.4369873713826692,-2.063902217528239,-3.548032806618284,0.6687810473907843,2.271431807801369,1.918914648190864,1.8634857009133168,1.4777637735455085,-0.87064579888793,-0.9375931065532451,2.3526785779848223,4.73
1731,-1.9407084468234963,2.1762006295728225,-0.8520540092191345,-2.144716019176436,-3.561182691727198,-2.913733090925391,-2.0480109329352665,-2.985210442391696,-2.1811969281307166,-2.6362220349557806,-0.44145979877867875,-2.069006318777829,-3.358268883563013,0.9812651351822024,2.273221073171099,1.918251542231248,1.862107799554436,1.3107274631108354,-0.7411409367790643,-0.9610937768057114,2.3509003827098978,4.73
1732,-1.9407084468234963,2.1762006295728225,-0.8540164085886338,-2.142286003713618,-3.585103626314177,-2.923916538596423,-2.048354218864701,-2.98805986025368,-2.211161128756592,-2.635238035140613,-0.4459322261746644,-2.0741104200565985,-3.203877799521038,0.7092245032851089,2.2750103385415503,1.917588436272348,1.860729898194924,1.1436911526773124,-0.837185028271695,-0.9845944470592924,2.349122187433765,4.73
1733,-1.9407084468234963,2.1762006295728225,-0.8559788079581325,-2.139855988249685,-3.609024560901157,-2.934099985951169,-2.0486975047941347,-2.990909278115663,-2.2411253293824664,-2.634254035325444,-0.45040465357067394,-2.079214521335368,-3.4836152970390244,0.8236299023296475,2.2767996039112792,1.9169253303134477,1.8593519968360432,0.9766548422426403,-0.6250229499109855,-1.008095117311758,2.347343992157632,4.73
1734,-1.9407084468234963,2.1762006295728225,-1.6304413773629036,-2.137425972786868,-3.632945495505864,-2.944283433305909,-2.0490407907235686,-2.9937586959807945,-2.2710895300083407,-2.633270035510276,-0.4548770809666596,-2.0843186225849575,-3.2622916621118008,0.6778777517560726,2.27858886928173,1.9162622243545473,1.857974095477162,0.8096185318091178,-2.6348580698565027,-1.031595787564224,2.345565796882708,4.73
1735,-1.9407084468234963,2.1762006295728225,-1.3552475614876804,-2.1349959573229342,-3.656866430092844,-2.954466880660654,-2.049384076653003,-2.9966081138427785,-2.301053730634216,-2.63228603569833,-0.4593495084046373,-2.089422723863728,-3.473433436267997,0.8598528152076462,2.2803781346521808,1.9155991183949304,1.8565961941182811,0.6425822213744458,-2.364653475390197,-1.055096457817805,2.3437876016065764,4.73
1736,-1.9407084468234963,2.1762006295728225,-1.1901654274309017,-2.132565941860117,-3.680787364679824,-2.9646503280154004,-2.049727362582437,-2.999457531704763,-2.331017931260091,-2.6313020358831625,-0.463821935800623,-2.0945268251425135,-3.538013206576673,0.8405120743949581,2.28216740002191,1.91493601243603,1.8552182927587697,0.47554591094092286,-2.094448880923893,-1.0785971280702706,2.3420094063304435,4.73
1737,-1.9407084468234963,2.1762006295728225,-0.29018987280291364,-1.682969616994667,-2.0939230966963964,-1.2664196190385029,-2.050070648511871,-3.002306949566746,-2.360982131889161,-2.6303180360679947,-0.4682943631966325,-2.099630926392104,-3.368450744334041,0.44316638867329633,2.2839566653923606,1.9142729064771304,1.8538403913998889,0.3085096005074,2.4048752854154354,-1.1020977983227367,2.3402312110555195,4.73
1738,-1.9407084468234963,2.1762006295728225,-1.32710348190674,-1.5193905941305432,-1.3506946209018806,0.3501824856764012,-2.050413934441305,-3.0051563674287305,-2.3909463325150355,-2.629334036252826,-0.47276679059261817,-2.1047350276708734,-3.2066362319211574,0.7407761355430954,2.2857459307620904,1.9136098005175128,1.852462490041008,0.1414732900727275,2.76311645237446,-1.1255984685763178,2.3384530157793866,4.73
1739,-1.9407084468234963,2.1762006295728225,-1.1947711569180484,-1.7998564150216032,-0.1624510033506318,0.531477744406757,-2.05075722037074,-3.0080057852907145,-2.42091053314091,-2.6283500364408807,-0.4772392179886277,-2.1098391289496434,-3.5209758299877008,0.7349165466951827,2.2875351961325414,1.912946694558613,1.8510845886814964,-0.025563020360794764,0.8403072376393531,-1.1490991388287832,2.3366748205032537,4.73
1740,-1.9407084468234963,2.1762006295728225,-1.6681791819560003,-2.054654903903693,-0.40322015175925624,0.7194782709059245,-2.0511005063001737,-3.010855203152698,-2.450874733766785,-2.627366036625712,-0.4817116453846134,-2.114943230199233,-3.3252893903086447,0.5198737335914109,2.289324461502992,1.9122835885997127,1.849706687322616,-0.1925993307954673,0.32884645962387193,-1.1725998090812495,2.3348966252283287,4.73
1741,-1.9407084468234963,2.1762006295728225,0.21286311792534937,-2.0609155009719684,-0.6205861134300755,0.9257601406615713,-2.0514437922296076,-3.01370462101783,-2.4808389343926596,-2.6263820368105444,-0.48618407278062287,-2.120047331478003,-3.2446863729698627,0.6763206582160677,2.291113726872721,1.9116204826400969,1.8483287859637347,-0.35963564122899017,0.35431104301574384,-1.1961004793348304,2.3331184299521963,4.73
1742,-1.9407084468234963,2.1762006295728225,1.2593548511346406,-2.175893988662585,-0.07238419378393347,1.1424161982859475,-2.0517870781590415,-3.0165540388798133,-2.510803135021729,-2.6253980369953767,-0.49065650017660867,-2.1251514327275927,-3.253529582723186,0.9681937446753246,2.292902992243172,0.7444490410071076,1.8469508846042233,-0.5266719516625125,0.4282918185554372,-1.219601149587296,2.331340234677272,4.73
